respondent_id,h1n1_vaccine,seasonal_vaccine
22317,0,0
1215,1,1
10540,0,0
7407,0,0
14697,0,0
14042,1,1
9791,1,1
6375,0,1
22402,0,1
3408,0,1
9297,0,0
4112,0,0
22078,0,0
26403,0,0
1534,0,0
19557,0,0
26663,0,1
16004,1,0
1361,0,0
4186,0,0
24916,1,1
15217,0,0
19210,0,0
23052,0,0
24944,0,0
7630,0,1
8644,1,1
17488,0,0
11253,0,1
20600,0,1
12588,0,1
23316,0,0
14906,0,0
20046,0,1
24630,0,0
8487,0,0
14589,0,1
17502,0,1
10382,0,1
7584,0,1
14257,0,0
23602,0,1
8946,0,0
21209,0,0
5444,0,1
9434,0,0
26013,0,0
8855,0,1
24569,1,1
22254,0,0
10765,0,0
4361,0,0
9571,0,1
12108,0,1
24746,0,0
8747,0,1
25695,0,1
22567,0,0
18380,0,0
6879,0,1
11897,0,0
11083,0,0
22260,1,1
8735,0,1
23098,0,0
17666,0,0
25856,0,0
23547,0,1
1393,0,0
21305,0,0
9944,0,0
17089,0,0
772,0,1
23925,0,1
13232,0,0
19949,0,0
21852,1,1
14716,1,0
13727,0,0
14620,1,1
21654,1,0
20406,0,0
26265,0,1
9252,1,1
25601,0,0
22126,0,1
4862,0,0
23258,1,1
10211,0,0
1759,0,1
11731,0,0
23010,0,1
6869,0,0
11493,0,0
10907,0,0
11337,0,0
11909,0,0
16366,0,1
16409,0,1
16032,0,1
7594,0,0
8274,0,1
7009,0,0
25512,0,0
9893,0,0
25528,0,0
9901,0,1
15565,0,1
191,0,0
19646,0,0
11196,1,1
8431,0,1
608,0,0
17479,0,1
22702,0,0
25508,0,1
25137,0,0
22342,0,0
23745,1,1
24777,0,0
12114,0,1
7857,1,1
136,1,1
15776,1,1
9753,0,1
1728,0,0
584,0,0
14876,1,1
17243,0,1
10274,0,0
24145,0,0
9835,0,0
4990,0,1
11597,1,1
2309,0,1
25344,0,1
19003,1,0
24060,0,0
16970,0,0
14786,0,0
7570,0,0
23377,1,1
13172,0,1
3740,1,1
1046,0,0
22280,0,0
3116,0,1
22949,1,1
9578,1,0
13745,0,1
13183,0,0
21150,0,1
16765,0,0
24760,0,1
1847,0,0
15074,0,0
6443,0,1
26155,0,1
4777,0,0
26076,0,1
26218,0,1
21921,0,0
2998,0,0
16268,0,0
7439,0,0
19357,0,0
6564,0,0
5996,0,0
14411,0,0
20151,0,1
9654,0,1
22820,0,1
19018,0,1
689,0,1
5086,0,0
6414,0,0
23904,0,0
15562,0,0
14244,0,0
1641,0,0
12720,0,0
15065,0,1
17950,0,0
9348,0,0
12404,0,0
24896,0,0
7117,1,1
23366,0,1
10201,0,1
22025,0,0
23319,0,0
1913,0,0
20800,0,1
19587,0,0
20620,0,0
16224,0,0
8509,1,1
17589,0,1
8072,0,0
15475,0,0
13177,0,0
246,0,0
6324,1,1
3033,0,1
8600,0,0
14499,0,1
18030,0,1
6754,0,0
1994,1,1
21156,0,0
21128,1,1
10926,1,1
17780,0,1
21011,0,0
2426,1,1
287,0,0
12636,0,0
150,0,0
8528,1,1
3761,0,0
15058,0,0
21309,0,0
4536,0,0
18529,0,0
17681,0,1
25705,0,0
7722,0,1
26266,0,1
8366,1,1
13046,0,0
6095,0,0
15224,0,1
12017,0,0
6030,0,0
24430,0,1
15688,0,0
14671,0,0
13009,0,0
16490,1,1
25352,0,1
14504,0,0
2066,0,0
11719,0,0
5717,0,0
12852,0,1
12398,0,0
8495,1,0
24227,0,0
15276,0,0
3525,0,1
21604,0,1
11611,0,1
8137,0,0
25722,1,1
13984,0,0
14612,0,1
13335,0,1
354,0,1
12892,0,1
20722,0,1
7616,0,1
7152,0,1
1757,0,0
3406,0,0
1004,0,1
22037,0,0
22958,1,1
9514,0,0
16021,0,1
20103,0,0
4896,0,0
19219,1,0
2643,0,0
9406,0,0
20838,0,0
11184,0,0
23828,0,1
16573,0,0
5145,0,0
13274,0,1
5987,1,1
11902,0,0
13609,0,0
23574,1,1
12271,1,1
230,0,1
25064,0,0
11598,0,1
16256,0,1
25794,0,1
16236,0,0
13156,0,0
7061,0,0
11200,1,1
11496,0,0
23453,1,1
21703,0,1
6162,1,1
3266,1,0
10506,0,1
8658,0,1
11072,0,0
12485,0,0
9253,1,1
22313,0,0
25534,0,1
17349,0,0
14265,0,0
20640,0,0
14645,0,1
7107,0,1
17259,1,1
15520,0,0
17093,0,0
8461,0,1
22407,0,0
374,0,0
7162,1,1
9638,1,1
17438,0,0
23917,0,0
6341,1,1
10611,0,0
7176,0,0
10868,0,0
9796,1,1
24579,0,1
22811,0,1
3994,0,0
15101,0,0
23006,0,0
1354,0,0
5496,1,0
7033,1,1
11922,0,0
1959,0,0
24344,0,0
6348,0,1
19685,0,0
20054,0,1
12712,0,1
10787,0,1
22562,0,1
14594,0,1
291,0,0
23092,0,0
9593,0,0
20394,0,0
11577,0,0
2573,0,1
8663,0,0
683,0,0
9157,0,0
24826,0,1
19097,0,1
14741,0,0
10783,0,0
4217,0,0
3760,0,0
25797,0,0
19993,0,0
14343,0,0
14740,0,1
20663,0,1
8897,0,1
1395,1,1
3836,0,0
14164,0,1
2281,0,0
21324,0,0
16444,1,1
14187,0,1
12339,0,0
11516,0,0
21459,0,0
25804,0,1
8163,0,1
15933,0,0
1321,0,0
25242,0,0
5550,1,1
8616,0,1
9643,0,1
14936,0,0
22741,0,0
3522,0,0
16285,0,0
22630,1,1
24311,0,1
10603,0,1
15477,0,0
4222,0,0
12364,0,0
8591,0,1
12067,0,0
63,0,1
24708,0,1
20297,0,0
224,0,1
19312,0,0
9590,0,1
11413,0,0
20790,0,0
8690,0,0
11912,0,0
6125,0,0
14167,0,1
1241,0,1
4993,0,0
9785,0,0
13639,0,0
23550,0,0
12944,0,1
4432,0,0
20959,0,0
12885,0,1
15550,0,1
11854,0,1
8014,0,0
4252,0,0
25772,0,0
6916,0,0
18067,0,0
26311,0,1
14376,0,0
25686,1,1
13577,0,1
15242,0,0
26143,0,0
2073,0,0
22782,0,0
5554,0,0
10845,0,0
20137,0,1
3636,0,0
11629,0,0
23786,0,0
8759,1,1
2552,0,1
16353,0,0
16804,0,0
17964,0,1
13666,0,1
24721,0,0
7095,0,0
17166,0,0
26290,0,1
10839,1,1
987,1,1
12433,0,1
13799,1,1
2889,0,0
12266,0,0
21193,0,0
17030,0,0
18004,0,0
25085,0,1
5423,0,0
15303,1,1
24953,0,1
12948,1,1
19701,0,0
13245,0,1
18014,0,0
19501,0,0
18501,0,0
11245,0,0
2756,0,0
16104,0,0
26429,0,0
13765,0,0
10363,0,1
18719,0,0
11348,0,0
3082,0,0
1305,0,1
10478,0,0
25387,0,0
6172,0,0
7115,0,0
26324,0,1
24429,0,1
17713,0,0
12711,0,1
23405,0,0
6962,0,1
3458,0,0
11427,0,0
19489,0,0
24626,0,0
1120,0,0
23909,0,0
5141,1,1
10119,0,0
14966,0,0
5616,0,1
13760,0,1
8436,1,1
558,0,1
8830,1,1
1793,0,1
21481,0,0
16875,0,0
16923,0,1
8018,0,0
21599,0,0
23038,0,0
7320,0,0
9637,0,1
3820,0,1
17932,0,0
219,0,1
14024,0,0
1034,0,1
2521,0,1
24427,0,1
11368,0,0
21374,0,0
15850,0,0
13385,0,1
25096,1,0
6707,0,0
2651,0,0
20274,0,0
597,0,0
16340,0,1
22450,0,0
14868,0,0
24849,0,0
12268,0,1
14479,0,0
13284,1,1
19266,0,1
21983,1,1
12145,0,0
2719,0,0
8057,0,0
4090,0,1
22594,0,0
3038,0,1
17717,0,0
13726,0,1
25973,0,1
3465,0,0
1859,0,0
13849,0,1
12091,0,1
20389,0,0
21682,0,0
24432,1,1
14169,0,0
20709,0,1
9007,0,0
18134,0,0
1807,0,0
1253,0,1
3251,0,1
22930,0,1
9977,0,0
12380,0,1
16375,0,0
6137,0,1
8805,0,0
16974,0,1
9586,0,1
5688,1,1
11284,0,0
21411,0,0
13438,0,0
26496,0,0
25131,1,1
11914,0,1
834,0,1
23131,0,0
24420,0,1
2179,0,0
12919,0,1
9165,0,0
13197,0,1
8880,0,0
6290,0,0
12736,0,1
7996,1,1
9065,0,0
21523,1,1
3477,0,0
386,0,0
21962,0,1
23544,0,1
6197,0,0
12159,0,0
12566,1,1
11011,0,1
19668,0,1
9215,0,0
19664,0,1
25212,0,0
22350,1,1
2995,0,1
16165,1,1
3141,0,0
19032,1,1
14428,0,0
11159,1,1
11263,0,0
13411,0,0
17807,0,1
18181,0,1
21177,0,1
4017,0,0
7274,0,0
265,0,1
1655,0,0
9926,1,1
2070,0,0
22343,0,0
10627,0,0
13569,0,0
4264,1,0
16210,0,0
18486,0,1
20865,0,0
11497,1,1
23471,0,1
7265,0,0
22438,0,1
8264,0,0
12432,0,0
21566,0,0
21380,0,0
24197,0,0
9958,0,0
5164,0,1
16063,0,1
22994,0,1
23145,0,1
4758,0,1
6376,0,0
25446,0,0
3862,0,1
16873,1,1
22319,0,1
1172,0,1
15807,0,0
21247,0,0
20863,0,1
26132,0,1
23355,0,0
2227,0,1
2015,0,1
14116,0,1
20542,0,1
23962,0,0
5713,0,0
26566,0,1
24180,0,0
18492,0,0
2724,0,1
2398,1,1
14344,0,0
24765,0,0
10454,0,1
5875,0,1
21214,0,0
15338,0,0
16525,1,0
22017,0,0
22440,0,0
1898,0,0
648,0,0
2879,0,0
15450,0,0
22421,0,0
4789,0,0
14545,0,0
10805,0,0
6315,1,1
4028,0,1
17424,0,0
20581,1,1
25860,0,0
20568,0,0
4383,0,1
9872,0,1
12214,0,0
1174,1,1
7833,0,0
18665,0,0
4693,0,0
13056,1,1
14100,0,0
18734,0,0
20469,0,0
8901,0,0
5020,0,0
6933,0,0
7653,0,0
14702,0,0
8912,0,0
13265,1,1
2000,0,1
15622,0,1
621,1,1
23922,0,1
1855,0,0
3184,0,1
19469,0,0
18001,1,1
21832,0,0
8713,0,0
22253,0,1
20134,0,0
16062,0,1
21260,0,0
21745,0,0
14908,1,1
1348,1,1
7521,1,0
16977,0,0
8953,0,0
2623,0,0
17440,0,0
24671,0,0
11187,0,0
24523,1,1
3622,0,0
4973,0,1
22257,0,0
23056,0,0
13957,0,1
16206,0,0
22175,0,0
6209,0,0
6967,0,0
1309,0,1
6158,0,0
10075,0,1
6186,0,0
20150,0,0
8848,1,1
18847,0,0
25278,0,1
9042,0,1
9269,1,1
13111,0,1
1003,0,0
14154,0,0
17655,0,0
7926,0,1
3964,0,0
7108,0,0
3946,0,0
9099,0,1
24355,0,0
2986,0,1
20415,0,1
2630,0,0
5549,0,0
13414,0,0
8255,0,1
16561,0,1
26652,0,1
5299,0,1
18879,0,0
18449,0,0
16390,0,0
25834,0,0
15538,0,1
10980,0,1
12027,0,1
13716,0,0
21046,0,1
8396,0,0
11539,0,1
6452,0,1
4485,1,1
21345,1,1
2679,0,0
1520,0,0
3999,0,0
14052,0,0
10069,0,1
24786,1,1
14800,0,0
306,1,1
16126,0,0
24766,1,0
5838,0,0
23579,0,1
19031,0,0
1545,0,0
14022,1,1
21515,0,0
11498,0,1
11593,0,0
23295,1,1
6044,0,0
18832,0,0
5394,0,1
7687,0,0
14638,0,1
9003,1,1
26677,1,1
14177,0,0
481,1,1
4001,0,1
12131,0,0
19162,0,1
22346,0,0
12307,0,0
19417,0,0
1126,1,1
6247,0,0
14347,1,1
1163,0,0
26126,0,1
23029,0,0
4161,0,1
13187,0,1
4350,0,0
9815,0,0
6274,0,0
22053,0,1
10655,1,1
8441,0,0
26060,0,0
4099,0,0
19911,0,0
5716,0,1
22191,0,1
9779,0,0
12819,0,0
12574,1,0
11007,1,0
11558,0,0
23069,0,0
16445,0,0
18029,0,1
19206,0,1
7071,0,0
12164,1,1
4746,0,0
335,0,1
19724,0,0
23630,0,0
25363,1,1
21479,0,0
9315,1,1
15401,0,0
3826,0,0
14041,0,0
23511,0,0
13993,0,1
11793,0,0
8631,0,0
20163,0,0
7248,0,0
7831,0,0
26259,0,0
17790,0,1
18898,1,1
25759,0,1
2943,1,1
4501,0,0
1039,1,1
4371,0,0
2921,0,1
19082,0,0
9162,0,0
2951,1,1
11391,0,0
5755,0,0
26242,0,1
3003,0,0
7290,0,1
21460,0,0
12882,0,0
21871,0,1
18297,0,0
5702,0,0
20018,0,1
5557,0,0
8365,0,1
20825,0,0
1292,0,0
22803,0,0
10529,1,1
19379,0,1
3812,0,1
24750,1,1
18927,0,0
12228,0,0
7199,0,0
18069,0,1
22734,0,0
26658,0,0
18133,0,0
6856,0,0
11270,0,0
9386,0,0
15183,0,0
14801,0,0
9354,0,0
8766,0,0
21739,0,0
5537,0,0
7336,0,0
23054,0,1
21356,1,1
14946,0,1
21218,0,1
17738,0,0
21144,1,1
19695,1,1
15107,0,1
17567,0,0
19332,0,0
23814,0,0
5926,0,0
13801,0,0
22009,0,0
7141,0,1
12568,0,1
9469,0,0
9801,0,1
951,0,1
9887,0,1
4523,0,1
11511,0,0
15922,0,0
17311,1,1
23172,0,1
2543,0,0
4327,0,1
13795,0,0
8167,0,0
14223,0,0
12510,0,0
3868,0,1
23938,0,0
20929,0,1
24443,0,1
14665,0,1
25747,0,0
6793,1,1
4931,0,0
12477,0,0
18762,1,1
14416,0,0
6297,0,0
26463,0,1
7907,0,0
3195,0,1
3422,0,0
5266,0,0
17529,0,0
9130,0,0
20227,0,0
23016,0,1
26415,0,0
16736,0,1
20520,0,1
21433,0,1
551,0,0
4671,0,0
8097,0,0
19175,0,0
21557,0,0
24381,0,0
22707,0,0
20235,0,0
11322,0,1
1421,0,0
12117,0,0
12667,0,0
10968,0,0
25410,0,0
5278,0,0
17749,0,1
5905,0,1
17876,0,0
22331,0,1
2778,0,1
23163,1,1
9158,0,0
11971,1,0
11439,0,1
21943,0,1
5798,0,1
20518,0,1
17581,1,0
24967,0,0
11644,0,0
20716,0,0
24449,0,0
17141,1,1
25083,0,0
19631,0,1
15323,1,1
9556,0,0
11590,0,0
6210,0,0
7120,0,0
13465,0,0
26198,0,0
16592,0,0
13917,0,0
10873,0,0
23113,1,0
8913,0,0
10953,0,1
1872,0,1
24936,0,0
19178,0,0
24476,0,0
25106,0,1
24325,0,1
15232,1,1
3777,0,1
3433,0,0
25516,0,0
20485,0,0
7575,1,1
4956,0,0
21779,0,1
10881,0,1
9110,0,0
25783,0,0
5289,0,1
22128,0,1
23880,0,0
25286,0,1
11880,0,1
3380,0,0
8741,0,1
26524,1,0
12186,0,0
22861,0,0
26557,0,1
16218,1,1
1853,0,1
9152,0,1
4209,0,0
8910,0,0
22654,0,0
22099,0,0
1380,0,1
19612,0,0
12703,0,0
2563,0,1
11043,0,1
14209,0,0
10595,0,0
14412,0,0
22096,0,1
16443,0,1
292,0,1
2306,0,1
24,0,0
1266,0,0
2996,0,0
15148,0,0
26590,0,0
20810,0,1
18679,0,1
15952,0,0
11101,0,1
15037,1,1
24029,0,1
18833,1,1
17672,0,1
13390,0,0
26217,0,0
13483,0,0
14568,0,0
11186,0,0
26577,0,0
13660,0,1
17414,0,1
20324,0,0
10213,0,1
305,0,0
7636,0,0
4406,0,0
5572,0,0
1022,0,0
11507,0,1
21002,0,0
2139,0,0
8263,1,1
6232,0,0
26039,0,1
2238,0,0
18408,0,0
2173,1,0
10639,0,1
13967,0,0
24176,0,0
6161,0,0
8554,1,0
17098,0,1
22997,0,1
10326,0,0
23936,1,1
10003,0,0
24731,0,0
13189,0,0
11882,0,0
4049,0,0
14892,1,1
20759,0,0
25403,0,1
24842,0,0
5232,0,1
13291,0,1
22592,1,1
17361,0,0
19946,0,0
16010,0,0
726,0,1
18950,0,0
7018,0,1
5767,0,0
5446,0,1
25004,0,1
681,0,0
5296,0,1
302,0,0
22834,0,1
7367,0,1
17993,0,0
9355,0,0
21026,0,1
12315,0,1
22943,0,0
4747,1,1
15228,0,0
14483,0,0
5918,0,0
1353,0,1
17022,0,1
24015,0,1
18245,0,0
10218,0,1
25941,1,1
26542,0,0
5706,0,0
8311,0,1
23003,0,1
25183,0,0
16442,0,0
19707,0,0
1383,0,0
6343,0,0
19723,0,0
24007,0,0
16850,0,1
3703,0,0
2658,0,0
12049,0,0
8374,0,0
12313,0,0
14030,0,1
1704,0,0
21953,0,1
13478,0,0
24336,0,0
8652,0,0
12206,0,0
15349,0,1
17134,0,1
4649,0,1
10173,0,1
12929,0,0
13553,0,1
635,0,0
5290,0,1
19205,0,0
23822,0,0
4380,0,1
15781,0,0
25992,0,1
7503,0,0
11581,1,1
20129,0,1
19310,0,0
22828,0,1
16597,0,0
15682,0,1
5650,0,0
21755,1,1
2959,0,1
22478,0,0
1693,0,0
5120,0,0
3593,0,0
8531,0,0
12410,0,0
25136,0,0
116,0,0
3695,0,0
4683,0,0
19414,0,0
7492,0,0
18425,0,0
4253,0,1
9732,1,1
1306,0,1
18540,0,0
24751,0,0
11212,0,0
21286,0,0
11211,0,0
10207,0,1
12985,0,1
10804,0,1
271,0,1
25665,0,1
12452,0,0
2498,1,1
8133,1,1
16199,0,0
9048,0,0
8576,0,1
6073,0,0
2699,0,1
9068,0,1
25836,0,0
19511,0,1
25068,0,1
26339,0,0
18813,0,0
4330,0,1
19237,0,1
3222,0,1
15365,0,0
18547,0,0
11635,1,1
16148,0,0
26368,0,0
19568,0,1
14677,0,0
21931,0,0
13179,0,0
6924,0,1
19704,0,0
13120,0,0
22799,0,0
4559,0,0
9093,0,0
24173,0,0
10502,0,0
20816,0,1
3464,0,1
5757,0,1
7091,0,1
4424,0,1
3791,1,1
23528,0,0
15102,1,1
8207,0,0
24829,0,0
16511,0,0
16752,0,0
11355,0,1
16180,0,0
20660,0,0
294,0,0
26643,0,0
26528,0,0
16784,0,1
17199,0,0
15836,1,1
18413,0,0
1092,0,0
11736,0,1
3366,0,0
4809,0,0
15261,0,0
18281,1,1
7179,0,0
7672,0,1
18482,1,1
19602,0,0
17533,0,0
18394,0,0
5434,0,0
17652,0,1
11655,0,1
14044,0,0
4309,0,0
13290,0,1
14988,1,1
19065,0,0
3093,0,1
24530,1,1
17355,0,0
13534,0,0
20202,0,0
25356,0,0
1724,0,1
15405,0,1
275,0,1
23025,0,0
20907,0,1
24391,0,0
11048,0,0
14264,0,0
19744,0,0
9848,0,0
20351,0,0
9387,0,1
6782,0,0
9491,0,1
13815,0,1
18999,0,0
8424,1,0
19053,0,1
11970,1,1
21925,1,0
20767,0,0
22995,0,0
13164,0,0
15279,0,0
280,0,0
1224,0,0
25937,0,0
6486,0,0
655,0,1
5986,0,0
3022,0,0
4104,0,0
3177,0,0
10202,0,1
18317,0,0
1094,1,1
12350,0,1
22354,0,1
11519,0,1
11344,0,0
23622,0,0
2004,0,0
3984,0,0
20090,0,0
329,0,0
26350,1,0
25604,1,0
25728,0,0
10524,0,1
13741,0,0
26119,0,1
4584,0,0
24280,0,0
26661,0,0
7269,0,1
4078,0,0
13115,0,1
9533,0,0
19833,1,0
2392,0,0
5149,0,0
13506,0,0
3257,0,0
22855,0,1
968,0,0
20468,0,0
25650,1,1
26570,0,0
25472,0,1
19545,1,1
16041,1,1
9799,0,0
21087,1,0
7940,0,1
18377,0,0
8512,0,0
23726,0,1
4954,0,1
8526,0,0
7330,0,0
22174,0,1
10693,0,1
7543,0,0
13047,0,0
15921,0,0
4891,1,1
215,0,1
429,0,0
9029,0,0
21563,0,0
17066,0,0
1210,0,0
22556,0,1
7799,0,1
21568,0,0
15255,0,0
14436,0,0
734,0,1
1562,0,0
8427,0,1
18070,0,0
21254,0,0
26592,0,1
8467,0,1
11409,0,1
26090,0,0
15676,0,1
19106,1,1
390,0,0
3410,0,0
12769,0,1
9306,0,1
9221,0,1
17653,0,0
19996,0,1
14766,0,0
22116,0,0
17693,0,0
14944,0,0
14597,0,1
25061,0,0
18308,1,1
5464,1,1
8041,0,1
4124,1,0
12309,0,1
1849,1,1
5810,0,0
21069,0,0
18923,0,0
14633,1,0
24081,0,0
10022,0,1
8015,1,0
5284,0,0
13616,1,1
18346,0,1
4269,1,0
4846,0,1
24873,0,0
7903,0,0
12349,0,0
5937,0,0
14415,0,0
20125,0,0
25334,0,1
8991,0,0
19314,1,1
13846,1,1
15895,0,1
11492,0,0
24527,0,1
5619,0,0
4829,0,1
25477,0,0
15444,0,1
19529,0,1
15448,0,1
11093,0,0
3586,0,1
1014,1,1
2764,1,1
15010,0,1
22431,0,1
7700,1,1
3783,0,0
2533,0,0
20593,0,0
15540,1,1
14197,0,1
22192,0,1
15464,0,0
11663,0,0
13050,0,0
25822,0,1
9823,0,1
22054,0,1
837,0,0
570,0,0
8856,0,0
13344,0,0
12236,1,1
6866,0,1
5538,0,1
10874,0,0
7664,0,1
24362,0,0
5819,0,0
18446,0,1
10136,0,0
12967,0,0
13016,0,1
13240,0,1
26438,0,0
12794,0,0
14899,0,0
8706,1,1
18497,0,0
17862,0,0
5308,0,1
24300,0,0
15203,0,1
6694,0,1
7089,0,1
18301,0,1
12666,0,1
23261,1,1
16405,0,1
12823,0,1
1315,0,0
20668,0,0
11653,0,1
11748,1,1
4606,1,1
25221,0,1
15387,0,1
7421,0,0
13374,0,0
21677,0,0
17858,0,1
12171,0,0
23186,0,1
19274,1,1
19149,0,0
9431,0,0
14639,0,0
14996,0,0
19973,0,0
25745,0,0
152,0,0
25260,0,1
22808,0,1
19843,0,0
14616,0,0
24536,0,1
17242,0,1
23536,0,1
15812,0,0
7077,0,0
11837,0,1
11523,0,0
19962,0,0
16470,0,0
8151,0,1
17849,0,0
9684,0,0
11536,0,0
15972,0,0
5181,0,0
11169,1,1
17491,0,0
14443,0,0
26323,0,0
16370,0,0
18910,1,1
9972,0,1
22028,0,1
23749,0,0
26232,0,0
9178,0,1
25626,1,1
17683,0,1
21197,0,0
15821,0,1
14454,0,0
25511,0,1
24332,0,0
25707,0,0
3692,0,0
2126,0,0
7448,0,1
20629,0,0
20560,0,0
8700,0,1
19089,0,0
11935,0,0
21169,0,0
2158,0,0
18072,0,1
15424,1,0
22533,0,0
13699,0,1
14386,0,0
6321,0,0
2297,0,1
1542,0,1
25775,0,0
14307,0,0
26188,0,1
11878,0,1
21721,0,0
16529,0,1
25584,0,0
15278,0,0
25758,1,1
20442,0,0
21684,0,0
5482,0,0
14754,0,1
5274,0,0
18539,0,1
960,0,0
6836,0,0
1067,0,1
4155,0,1
23497,0,0
23120,0,0
7228,0,1
17227,0,0
26397,0,0
21162,0,0
1129,0,1
25268,0,1
11929,0,1
23891,0,0
23162,0,0
18160,0,0
12023,0,0
18267,0,0
2133,0,0
15062,0,0
4052,0,1
8361,0,0
22896,0,0
649,0,0
5028,0,0
6067,0,0
24797,0,1
5375,0,1
14268,0,1
19373,0,1
7404,1,1
18087,0,1
8127,0,1
19640,0,1
7739,1,1
21543,0,0
10972,1,1
2018,0,0
19815,1,1
24320,0,0
6123,0,0
1532,0,0
14050,0,0
17150,0,1
8297,0,0
15456,0,1
4933,0,0
19378,1,1
7242,0,0
16016,0,0
9953,0,1
118,0,0
24111,0,0
24521,1,1
15358,0,0
10685,0,0
254,0,1
13394,1,1
14662,0,0
336,0,0
1555,0,0
23224,1,1
19586,0,1
10582,0,0
3959,0,0
11688,0,0
2189,0,0
5306,0,0
18042,0,0
15432,0,0
22776,0,0
24469,0,1
25089,0,0
12643,1,1
12500,0,1
5579,0,0
24874,0,0
24782,1,1
4872,1,1
1619,0,0
23908,1,1
17748,0,0
3044,0,1
20529,1,1
3419,0,1
22890,0,0
16755,0,0
5555,0,1
5303,0,1
17471,0,0
12450,0,1
14567,0,0
6220,0,0
14834,0,1
7974,0,0
4365,0,1
1302,0,0
4403,0,0
9384,0,0
18204,0,0
22087,0,0
6011,1,1
4050,0,0
6666,0,0
20736,0,1
1077,0,0
10380,0,0
12581,0,1
17149,0,1
22904,0,0
18985,0,0
6764,1,1
14576,0,1
22710,0,1
12761,0,0
13041,0,1
4582,0,0
20383,0,1
17100,1,1
21506,0,0
13706,0,0
15798,0,1
16073,0,0
10688,0,0
8908,0,0
4762,0,1
8282,0,1
13640,0,1
15660,0,0
12126,1,1
13149,0,0
3394,0,1
14121,0,0
5727,0,1
14726,1,1
26252,0,1
26600,0,0
15334,1,1
11889,0,0
20949,0,0
16248,0,0
5431,0,0
3018,1,1
3423,0,0
6703,0,0
25598,0,1
18979,0,0
21859,0,1
10957,1,1
26703,0,0
23675,0,0
3609,0,1
12881,1,1
22773,0,0
24811,0,1
21584,0,0
14277,0,0
3625,0,0
10885,0,1
7849,0,0
18495,0,0
4948,0,0
11291,0,0
223,0,0
19231,0,0
17468,0,1
6616,0,0
10981,0,0
7814,0,1
7858,0,0
22381,0,1
6393,0,1
8407,0,0
5531,0,1
1454,0,0
19590,0,0
6448,0,0
22144,0,1
25994,0,0
1206,0,1
2810,1,1
12904,0,1
22899,0,1
4278,0,1
3607,0,0
12659,1,1
3140,0,1
11780,0,0
12609,0,0
19509,0,0
6254,1,1
19753,0,1
2372,0,1
17159,1,0
9247,0,0
12755,0,1
18617,0,1
21179,1,1
2021,1,1
5667,0,1
16606,0,0
16569,1,1
23527,0,1
18364,0,0
20829,0,0
15428,0,0
8580,0,0
16439,0,0
9264,0,1
6988,0,1
11834,0,0
14108,0,0
11393,0,0
23500,0,1
6160,0,0
26535,0,0
22516,0,0
14087,1,1
5198,0,1
13261,0,1
25873,0,0
18200,0,0
10574,0,0
8820,0,0
6145,0,1
9870,0,0
1426,0,1
22113,1,1
660,0,0
21923,0,0
1212,0,0
21738,0,0
23733,0,1
16699,0,0
17791,0,0
5585,0,1
6677,0,0
10628,0,0
12072,0,0
10672,0,0
15575,0,0
664,0,0
14392,0,0
11268,0,0
9045,1,1
19813,0,0
7587,0,0
7316,0,0
7238,1,1
16373,1,1
13605,0,0
11479,0,1
3482,0,0
7015,0,0
25514,0,0
13999,0,0
17446,0,0
3342,0,0
21248,0,0
19712,0,0
2249,0,0
5966,0,1
11394,0,0
16122,0,0
22600,0,0
16118,0,1
5565,0,0
9722,0,1
13938,0,0
26630,0,0
24987,1,1
24561,0,0
13737,0,1
1385,1,1
2557,0,1
11384,0,0
3430,1,1
17376,0,1
18675,1,1
20413,0,0
20156,0,0
16681,0,1
13373,0,0
399,0,0
610,1,1
13282,0,1
6268,0,0
26539,0,0
10982,0,0
24560,0,1
21049,0,1
16757,0,0
12462,0,1
6494,0,1
8423,0,1
18319,0,1
15001,1,1
11766,0,0
14118,0,0
13233,0,0
7876,0,0
19164,0,0
1202,0,0
9202,0,0
15253,0,0
4908,0,1
11627,0,0
7045,0,1
16111,0,0
2618,0,0
928,0,0
8345,0,0
7465,0,0
23569,0,1
12392,0,0
8202,0,0
11741,0,0
25540,1,1
20932,0,1
14490,0,1
17405,0,0
23076,0,1
2595,0,0
12295,0,0
5353,0,0
7665,0,1
1182,0,1
8354,1,0
13084,0,0
12956,0,1
11198,0,0
13445,0,0
18287,0,0
9557,0,0
3512,0,1
25529,1,1
11415,0,0
26195,0,0
9676,0,0
17214,0,1
24028,0,0
7960,0,0
4739,0,0
8952,0,0
25032,0,0
14374,0,0
21111,0,1
18049,0,0
17641,0,1
14496,0,0
18019,0,0
24468,0,0
26412,0,1
10811,1,1
20216,0,0
16947,0,0
16485,0,1
2400,1,1
24897,0,0
11475,0,0
18688,1,1
23124,0,1
1346,0,0
24634,1,1
5823,0,0
10013,1,0
17730,0,0
8825,0,0
5514,0,1
12987,0,0
26678,1,1
24453,0,1
17461,1,1
12702,0,0
2467,0,0
14992,0,0
17372,0,0
26477,0,1
25018,0,1
11521,0,0
12729,0,0
14394,0,0
14965,0,1
26552,0,0
25870,0,0
9552,0,0
13924,0,1
11941,0,1
25976,0,0
14625,0,0
7332,1,1
23180,0,0
802,0,0
19988,0,0
1899,0,0
19526,0,1
19347,0,0
1955,1,0
20078,0,0
23631,0,1
24339,0,0
22576,0,0
1929,0,0
20110,0,1
21313,1,1
23761,0,0
16039,0,1
7693,0,0
11297,0,0
18610,0,0
21824,1,0
18256,1,1
21549,0,0
13808,0,0
13372,0,1
20795,0,0
21991,0,0
5975,0,0
13223,1,0
17415,0,0
23014,0,1
25171,0,0
6245,0,0
13854,0,0
4548,0,0
5091,1,1
20334,0,1
17558,0,1
10034,0,1
22920,0,0
16883,0,1
20801,0,0
16859,0,0
25283,0,0
20441,0,1
16994,0,1
6488,0,0
21157,1,1
20168,0,0
19385,1,1
6074,0,0
20617,0,1
6362,0,1
5663,1,1
24533,0,1
17032,0,0
12039,0,0
10251,0,0
31,0,0
7726,0,0
985,0,1
5503,0,0
25536,0,0
21270,0,0
5480,0,0
26601,0,1
20909,0,0
5747,0,0
2439,0,1
22727,0,0
10819,0,1
18783,0,0
257,0,1
936,0,1
8019,0,1
18360,0,1
13081,0,0
21183,0,0
16826,0,1
25072,0,0
1035,0,0
1089,0,0
19263,0,0
15653,1,1
20818,0,0
26248,0,0
3776,0,1
25996,0,1
14124,0,0
11584,0,1
5501,0,0
14267,0,0
16589,0,0
21744,0,0
11696,0,0
10932,0,0
20101,1,1
2485,0,1
20665,1,1
15820,0,0
13744,0,0
11018,0,0
25837,0,0
4123,0,1
26061,1,1
14971,0,0
15417,0,0
4247,0,0
21017,0,1
17330,0,0
26267,0,1
22382,0,1
20373,0,1
16233,0,1
8678,0,0
22139,0,1
1719,0,0
2017,0,0
3179,0,0
20798,0,0
3580,0,0
4224,0,1
13583,0,1
1848,1,1
13155,0,1
22874,0,0
9415,0,1
1029,0,0
13413,0,1
7435,0,1
11450,1,0
74,1,1
19971,0,0
22857,0,0
14919,0,1
10204,1,0
3967,0,1
18098,0,0
18980,1,1
7203,1,1
2387,1,1
15755,0,1
13388,1,1
12382,0,0
9191,0,1
24734,0,0
25654,0,0
20802,0,0
20292,0,0
19161,0,1
20683,0,0
12041,1,1
2098,0,0
22154,0,1
14476,0,0
11749,0,0
20467,0,0
4783,0,1
17905,0,0
16915,0,0
1179,0,0
1598,0,0
2757,0,0
25451,0,0
2714,1,1
1479,0,0
1940,0,0
21362,0,0
12002,0,1
720,0,0
11541,0,0
4145,0,0
476,0,0
16630,0,0
4213,0,0
13169,1,1
19207,0,1
4220,0,0
20918,0,1
17824,0,1
14453,1,1
22182,0,0
2163,0,0
13334,0,0
1703,0,1
3535,1,0
8189,0,0
16939,0,0
17217,0,1
12047,0,1
4803,0,0
17551,0,1
803,0,0
2734,0,1
26253,0,0
11527,1,1
12155,0,1
8204,0,1
24752,0,1
7612,0,0
11640,0,0
18238,1,1
14812,0,1
6132,0,0
5656,0,0
1523,0,1
10553,0,0
4864,0,0
20559,0,0
20757,0,0
9650,0,1
26549,0,0
14783,0,0
25880,0,1
5245,0,0
14469,0,0
11204,1,1
10460,0,0
13375,0,1
12483,0,1
14371,0,0
24502,0,1
225,0,0
11652,0,0
731,0,0
13226,0,0
3527,0,0
3134,1,1
18609,0,1
21489,0,0
5826,0,1
15833,0,1
10036,0,0
16558,0,0
7094,0,0
328,0,0
2702,0,0
4332,0,0
18246,0,1
13330,0,1
1930,0,0
10772,1,1
22241,0,0
3524,0,0
16554,0,0
2224,0,1
14553,0,0
22933,0,1
24602,0,0
15874,0,0
26526,0,0
15825,1,0
3128,0,1
9757,0,0
3489,0,0
17879,0,0
9987,0,0
18147,1,1
3133,0,0
17837,0,0
22767,0,0
8911,0,1
6445,0,0
6054,0,0
6575,0,1
9743,0,0
14373,0,1
14502,0,1
25792,0,0
12845,0,0
14294,0,1
7373,1,1
13939,0,0
22974,0,1
6595,0,1
19814,0,0
19907,0,0
18414,0,0
18332,0,0
26297,0,0
21664,0,0
6465,0,0
7444,1,1
12641,0,0
3121,0,0
23078,0,0
8426,0,0
7138,1,1
14837,0,1
9696,0,0
22721,0,0
2152,0,0
18430,0,1
12362,0,1
2931,0,1
11515,1,1
13963,0,0
579,0,0
16795,0,0
16184,0,0
16641,0,1
10042,0,0
17118,0,1
21215,0,0
23386,0,0
5632,0,1
8475,0,0
3780,0,1
6912,1,1
21012,0,0
2107,0,0
21977,0,1
26347,0,0
15051,0,1
15789,0,1
7118,0,0
24771,0,0
14005,0,1
21713,0,0
3279,0,1
10343,0,0
24544,0,1
11591,1,1
3307,0,0
6386,0,1
26583,0,0
9425,1,1
6826,0,0
5237,0,0
4068,0,0
26580,0,1
2532,0,0
6231,0,0
19078,0,0
8444,0,1
6791,0,1
20599,0,0
22339,0,0
20409,0,0
7196,0,0
11076,0,1
20475,0,1
7919,1,1
21533,1,1
15002,0,0
22650,1,1
13104,0,0
4502,0,0
2036,0,1
15512,0,1
6827,0,0
16245,0,1
11852,0,0
14172,0,0
5783,0,0
24329,0,1
4499,0,1
3867,0,0
15403,0,0
6721,0,0
14820,1,1
15155,0,0
16874,0,1
26222,0,1
15697,0,1
9839,0,0
7623,1,1
14034,0,0
8065,0,1
6972,1,1
10836,0,0
12844,0,1
21097,0,0
21211,0,1
25305,0,1
6455,0,0
4832,0,0
2843,0,0
10865,0,1
19022,0,0
19244,0,1
16221,1,1
23456,0,0
16114,0,0
18739,0,0
20197,0,0
13715,0,1
2953,0,1
13087,0,0
20094,1,1
26170,0,0
13769,0,0
7346,0,1
24247,0,0
16791,0,0
19953,0,0
3483,0,0
26482,0,0
4869,0,0
11710,0,0
24451,1,1
23053,0,0
11014,1,1
19247,1,1
11994,0,0
24617,0,1
8474,0,0
12495,0,0
17397,1,1
19322,0,0
25012,0,0
9982,0,1
20121,0,1
3701,0,0
18757,0,0
4837,0,0
25502,0,0
16403,1,0
26194,0,0
3716,0,0
20859,1,1
18922,1,1
6743,1,1
16786,0,0
11660,1,0
7855,0,0
24471,0,0
9424,0,1
4972,0,0
14764,0,0
22593,0,0
10568,0,1
19035,0,0
24350,0,0
1993,0,0
13034,0,0
13222,0,0
23680,0,0
14956,0,1
16586,0,0
25489,0,1
628,0,0
11727,0,1
14027,0,1
1548,0,0
20473,0,0
5729,0,1
6543,0,0
22676,0,0
26106,0,0
18441,0,0
24736,0,0
9038,0,1
25711,0,0
22205,0,0
15085,0,0
7258,0,0
24950,0,0
12928,0,1
6944,0,0
12888,0,0
10507,0,0
18367,0,0
16171,1,1
14205,0,0
5873,0,0
13446,0,0
19565,0,0
25546,0,0
16365,0,1
18578,0,0
18427,0,0
23490,0,0
600,0,0
5432,0,0
20328,0,1
2578,0,1
25454,0,1
23540,0,0
17025,0,0
24110,0,1
209,0,1
10677,0,1
18907,0,1
14790,0,0
11441,0,0
19147,0,0
2026,0,1
1960,1,1
12567,0,1
20900,0,1
21426,0,0
14134,0,1
12932,1,1
5684,0,0
16323,0,1
10398,0,0
18946,1,1
4712,0,1
12722,0,0
5099,0,0
16378,0,0
5710,0,0
3496,0,0
17081,0,1
10020,0,0
17735,1,1
515,0,1
16747,0,0
23830,0,0
2328,0,0
14317,0,0
16547,0,1
7502,1,1
18387,0,0
4003,0,1
24032,0,0
2614,0,0
13497,0,0
5146,0,0
362,0,0
15098,0,0
26464,1,1
15383,0,0
13786,0,0
10539,0,1
25715,0,1
18590,0,1
25101,0,0
12504,0,1
8639,0,0
26610,0,1
7195,0,1
20316,0,0
22698,0,0
26285,0,0
23594,0,0
18117,0,1
17826,0,1
6002,0,0
8036,1,0
1184,0,1
4507,0,0
7366,1,1
8096,0,1
9624,0,1
14780,0,0
5292,1,0
4601,0,0
15790,0,0
14017,0,1
10288,0,0
5637,0,1
20025,0,1
21048,0,1
19600,0,1
19644,0,0
24217,0,0
4614,0,1
6940,0,0
10990,0,0
18139,0,0
823,0,0
7452,0,0
25322,0,0
14300,0,0
6308,0,1
8780,0,1
7402,0,0
992,0,0
478,0,0
20726,0,0
17091,0,1
17943,0,0
20434,1,1
10598,1,1
25903,0,1
7600,0,1
4655,0,1
17206,0,0
16013,1,1
2531,0,0
15943,0,0
15536,1,1
9607,0,1
9904,0,0
18535,0,0
8542,0,0
8712,0,0
19227,0,0
13853,0,0
24337,1,1
2033,0,0
7469,0,0
19653,0,1
1918,0,0
25940,0,1
17299,0,0
12456,0,0
17706,0,0
9708,0,0
20194,0,0
15395,0,0
26113,0,0
21143,0,0
9748,0,1
3010,0,0
184,0,0
12099,1,1
5493,0,0
24036,0,0
18419,1,1
904,0,1
507,1,1
20210,0,0
10215,1,1
4793,0,0
15283,1,1
12115,0,0
5751,0,0
24702,0,0
19975,0,0
22867,0,0
12383,0,1
581,0,1
6527,0,1
14737,0,0
15848,0,0
23303,0,1
20563,0,1
2167,0,0
20813,0,0
7778,1,1
19070,1,1
18214,0,1
15359,0,1
24611,0,0
7765,0,1
21559,0,1
9601,0,0
6442,0,1
10513,0,0
8174,0,0
21412,1,1
5180,1,1
4401,0,0
3047,0,1
18333,0,0
9655,0,0
5351,0,1
6316,1,1
4680,1,1
10796,0,0
19007,0,1
1917,0,0
1925,0,1
6108,0,1
2168,0,0
26466,0,1
22753,0,0
1547,0,0
11491,0,0
9194,0,1
12416,0,0
5934,1,0
24703,0,0
24848,0,1
25167,0,0
23264,1,1
4888,0,0
26009,0,0
2780,0,1
3571,0,1
12034,0,1
10977,0,1
22046,0,0
18816,0,0
17262,0,1
18290,0,1
14513,0,0
20186,0,1
19443,0,0
13123,0,0
2544,0,0
22669,0,0
13366,0,0
9576,0,0
22987,0,0
12179,0,0
19654,1,1
4794,0,1
18634,0,1
22908,0,0
20954,0,0
18130,1,1
14107,0,0
23127,0,1
10344,0,0
1737,0,0
22652,0,0
6252,0,1
9875,0,0
25997,0,1
12133,1,1
18253,0,1
48,0,1
23027,0,1
7322,0,0
15965,0,1
22821,0,1
24935,0,0
17954,0,0
4883,0,1
7338,1,1
24891,0,1
460,0,0
25808,0,0
26004,0,0
7477,0,0
25630,0,1
11003,1,0
25966,0,0
20028,1,1
10883,1,1
428,0,0
12194,0,0
22166,0,0
3332,0,0
9778,0,1
16145,0,0
15873,1,1
16134,0,0
9608,0,0
14849,0,1
23772,0,0
11626,0,1
17364,0,0
20212,0,0
16687,0,0
23849,1,1
9407,0,0
9504,0,0
17358,1,1
25178,0,0
8936,0,0
17474,0,0
14178,0,0
5139,1,1
20588,0,0
26034,0,1
12389,1,1
13960,0,0
6437,0,0
21100,0,0
26579,0,0
26006,0,0
317,0,0
11770,0,1
7173,1,1
19302,0,0
8559,1,1
21353,0,0
20659,0,0
20770,1,1
19943,0,1
11309,0,0
14940,1,1
22856,1,1
16244,0,0
1030,0,0
14248,0,0
24062,0,0
12867,0,0
1924,0,0
23757,0,0
19318,0,1
11664,1,1
9460,0,0
25180,0,0
3530,0,0
14106,0,0
5344,0,0
3224,0,1
25181,0,1
18335,0,0
21972,0,0
8511,1,1
7510,0,0
21777,0,0
5024,0,0
25341,1,1
14356,0,0
2905,0,0
10649,0,0
11024,0,1
10041,0,1
20386,1,1
620,0,1
16080,0,0
18899,0,0
8553,0,0
22081,0,0
26619,0,0
18793,0,1
6922,1,1
10467,0,1
23378,0,0
25218,0,0
2663,0,0
20619,0,0
16788,1,1
483,0,0
1950,0,0
9255,0,0
23024,0,0
1011,0,0
24540,1,1
19019,0,0
67,0,1
6799,0,0
707,0,1
2608,0,1
25411,1,1
15293,1,1
17282,0,0
1416,1,1
26534,0,1
14813,0,1
3624,0,0
1310,0,1
8826,0,1
7753,0,1
8920,0,0
12359,1,1
4611,0,1
9043,0,0
8094,0,0
13632,0,0
17971,0,0
26421,0,1
25500,0,1
14426,0,1
12054,0,0
24781,0,0
22358,0,0
6195,0,0
25351,0,0
16238,0,0
2548,0,0
7341,0,0
4395,0,1
18830,0,0
3948,0,1
11370,0,0
15570,0,0
22842,0,0
6621,0,1
15855,0,0
2799,0,0
21140,0,0
2253,1,1
5867,0,1
9364,0,0
2686,0,0
17626,0,0
11947,0,0
20968,0,0
9948,0,0
9983,0,0
5026,1,1
2276,0,0
12872,0,0
23837,0,0
11418,0,0
9028,0,0
8537,0,0
2844,0,0
5071,1,1
2044,0,0
20754,0,0
20030,1,0
3666,0,0
1460,0,0
22356,0,0
12578,0,0
18701,0,0
24788,1,1
15240,1,1
12004,0,0
14058,0,0
19430,1,1
587,0,0
2774,0,1
9660,0,0
4484,0,0
12828,1,1
6606,0,0
15381,0,0
24186,0,1
5038,0,0
20637,1,1
22163,0,0
18479,0,0
18565,0,1
368,0,0
18682,0,0
25497,0,1
23299,0,1
6981,0,1
7669,0,1
19311,1,1
14511,0,1
17413,0,1
17968,0,1
26408,0,1
22962,0,0
10720,0,0
21385,1,1
10217,0,1
24291,0,1
24610,0,0
13190,0,0
20905,0,0
15687,0,0
26669,0,0
21635,0,1
16011,0,1
17437,0,0
11301,0,0
8602,0,1
26540,0,1
13192,0,0
15729,0,1
23448,1,1
11037,0,0
26430,0,1
26359,0,0
7780,0,0
6840,0,1
13784,0,1
6005,0,0
2013,0,0
24050,0,0
5314,0,1
14947,0,0
8493,0,0
4737,1,1
22802,0,0
18938,0,1
22869,0,0
16459,0,0
22645,0,0
11481,0,0
3554,0,1
8994,0,0
23094,0,0
2659,0,0
6140,1,1
13803,0,0
15743,1,1
1839,0,1
18473,1,1
19151,0,1
2412,0,0
21333,0,0
12886,0,0
9013,1,1
26071,0,0
3160,0,1
10929,0,0
1288,0,0
17537,1,1
11764,0,1
23242,0,0
12210,1,0
19033,0,1
22061,0,1
1878,0,1
14593,0,1
13941,0,1
12756,1,1
13787,0,0
21395,0,0
15684,0,1
21389,0,0
20738,1,1
19434,0,0
21160,0,0
15154,0,0
7487,0,0
17031,0,0
5627,0,0
5541,0,1
23971,0,0
21328,0,1
15480,0,0
21425,0,0
8789,0,0
4467,0,0
20574,0,1
13435,0,0
10511,0,0
6970,0,0
15275,1,1
2278,0,0
2176,0,0
839,0,0
22525,0,0
10473,0,0
18866,0,1
26096,0,0
3135,0,1
15123,0,1
1164,0,1
4770,1,1
9803,0,1
5516,0,0
2752,0,0
22819,0,1
18629,0,0
10663,0,0
9874,0,0
6454,0,0
20888,1,1
5777,0,0
3806,0,0
13796,0,1
12385,0,0
19898,0,1
18800,0,1
19436,1,1
23609,0,1
7400,0,1
23826,1,1
19240,0,0
15291,0,1
14913,0,0
15416,0,0
4266,0,0
13395,0,1
630,0,1
23459,0,0
21936,0,0
23479,0,0
1438,1,1
3855,1,1
21961,0,1
19198,0,0
3353,0,0
18851,0,0
21893,0,1
22296,0,0
16658,0,0
2928,0,0
9312,0,0
22575,0,0
21311,0,0
19875,0,0
19216,0,1
25828,0,1
16522,0,0
17303,0,0
248,0,1
6801,0,0
1966,0,1
17649,0,1
5069,0,0
20097,0,0
11319,0,1
13399,0,0
15516,0,0
18519,0,1
26340,0,1
24202,0,1
1161,0,0
13459,0,0
23136,0,1
13218,0,0
5513,0,0
4374,0,1
11631,0,1
8925,0,0
4928,0,0
6031,0,0
6474,1,1
10067,0,0
26363,0,0
8404,0,0
3891,1,1
7643,0,0
5132,0,0
9853,0,0
8648,0,0
3237,0,0
3388,0,1
12748,0,0
9163,0,1
17062,1,0
8578,0,0
18839,1,1
12936,0,0
26644,0,0
3910,0,0
14414,0,1
10509,0,1
12706,0,1
10778,1,1
20746,0,0
25303,0,0
16464,0,0
25439,1,1
14401,1,1
7885,0,1
20887,0,0
23654,0,0
6065,0,1
4625,0,1
19183,0,0
10475,0,0
24082,0,0
7325,0,1
96,1,1
7171,0,1
20872,0,0
24542,1,1
10381,0,1
3934,0,1
26093,0,0
1204,1,1
5581,0,0
15773,0,1
20022,0,0
6387,0,0
14388,0,0
21714,0,0
4120,0,1
14622,1,1
11752,0,1
13064,0,1
15474,0,0
17690,0,1
11488,0,0
23012,0,0
16320,1,1
137,0,1
2199,0,0
24279,0,1
15871,0,1
19321,0,1
19839,0,1
26381,0,0
11977,0,1
2138,0,1
21269,0,0
13926,0,0
16668,0,0
2353,0,1
6449,0,1
809,1,1
12151,0,0
19618,0,1
18804,0,1
12286,0,0
20489,0,0
14158,0,1
16526,0,1
12691,0,0
13865,0,1
509,0,0
18350,0,1
10843,1,1
7695,0,1
6318,1,1
10358,0,0
25084,0,0
19170,0,0
3847,0,1
9081,0,1
22196,0,0
14609,0,1
8047,0,0
3601,1,1
26582,0,0
12124,0,0
6954,1,1
22197,0,0
3648,0,0
17103,0,1
2032,0,1
14977,1,1
5744,0,1
25688,0,0
16355,0,1
12721,0,0
3468,0,0
3927,0,0
22019,0,0
10918,0,0
10293,1,1
17721,0,0
16083,0,0
16291,0,0
16107,0,0
22065,0,0
21495,0,1
15239,0,0
6406,0,0
18579,0,1
6951,0,0
16191,0,1
623,0,1
6553,0,0
36,0,1
14600,0,0
25732,0,0
4033,0,0
26072,0,1
26662,0,0
20808,0,0
21510,0,0
5112,0,0
16098,0,1
26082,0,0
24306,0,1
18164,0,1
22073,0,0
10985,1,1
7619,0,1
10573,0,0
4340,1,1
19531,0,1
22325,0,1
25645,0,0
3939,0,1
18159,0,0
10588,1,1
24984,0,1
20988,0,0
13147,0,1
3631,0,0
18464,0,1
22700,0,0
23140,0,0
25265,0,1
11806,0,1
3120,0,0
25680,0,1
11518,0,0
20,0,0
11340,0,0
21720,0,0
15222,0,1
17391,0,0
1477,1,1
4223,0,1
4235,0,0
9651,0,0
5243,1,1
24513,0,0
11861,0,0
2450,0,0
12455,0,1
1661,0,1
16325,0,1
9151,0,0
24170,1,1
7976,0,0
8919,0,0
1603,0,1
23730,0,1
22621,1,1
10695,0,0
21378,0,0
20622,0,1
18150,0,0
7388,0,0
236,0,0
8381,0,1
10271,0,0
9032,0,0
7533,0,1
3842,0,0
220,0,1
24351,0,1
17495,0,0
8986,0,1
25425,0,0
19499,0,0
921,0,1
16022,0,0
25928,0,1
9665,0,0
7324,0,1
2947,0,0
455,0,0
1109,0,0
22582,0,0
1596,0,1
20471,0,1
8905,1,0
15642,0,1
15852,0,0
13627,0,0
5869,0,1
15791,0,0
8917,0,0
4493,0,0
5096,0,1
22268,0,1
10272,0,1
13694,0,1
10047,0,1
7606,1,1
2957,0,0
20215,0,0
9864,0,0
3807,1,1
13657,1,1
16776,0,0
484,0,0
26029,0,0
12676,0,0
266,0,1
24410,0,0
1220,0,1
4651,1,1
7775,0,0
1864,1,1
6549,0,1
218,0,1
17219,0,1
4723,0,0
23238,0,1
24601,0,1
26033,0,0
12597,0,0
25845,0,0
4064,0,1
14515,0,1
8689,0,0
18587,0,0
6024,1,1
25863,1,1
111,0,0
18143,0,0
23612,0,0
11000,0,1
6169,0,1
5191,0,1
18570,0,0
15629,0,0
9767,0,0
18840,0,0
23333,0,1
17457,1,1
8368,0,0
17499,0,0
25622,0,0
21019,1,1
20890,0,0
6994,0,0
1121,1,1
8909,0,0
17114,0,1
24647,1,1
7723,0,0
7222,0,0
14710,1,1
3361,1,1
12040,0,1
23468,0,1
5534,0,1
6605,0,0
811,0,1
23205,0,0
21841,0,1
8463,0,0
5310,0,1
3727,0,1
15998,0,0
8507,1,1
12472,0,0
17398,0,1
17908,1,1
25806,0,0
11798,0,1
8505,0,1
20753,0,1
11306,0,1
10702,0,1
18873,0,0
14472,0,0
4423,0,0
24714,0,1
24553,0,1
4551,1,1
25021,0,1
16827,0,0
8303,0,0
4079,0,1
11216,0,1
25699,0,0
24210,0,0
16543,0,0
9917,0,1
8062,0,0
11091,1,1
17617,0,0
11191,0,0
3751,0,0
17335,0,0
13426,0,1
84,1,1
8891,1,1
17977,0,0
1798,1,1
18249,0,0
15321,1,1
13731,1,1
20964,0,0
20556,0,0
10458,0,0
9545,0,0
19630,0,0
22432,0,1
7181,0,1
5769,0,1
25307,0,1
21529,0,0
126,0,0
18510,0,0
16571,0,1
3801,0,1
18392,0,1
25140,0,0
19059,0,0
17224,0,1
14669,0,1
20319,0,0
20570,0,0
24908,0,1
26689,0,1
1933,0,1
8739,0,0
7499,0,0
16305,0,0
11478,1,1
24414,0,1
22375,1,1
13980,0,0
10516,0,1
26101,0,1
7026,0,1
4909,0,1
3572,0,0
13556,0,1
10170,0,0
7214,0,0
4069,0,1
17493,0,1
15430,0,1
19477,0,0
26332,0,0
11841,0,1
4681,0,0
6872,0,0
9263,0,0
6973,0,1
17403,1,1
6008,0,0
23832,0,1
3242,0,1
1919,0,1
22272,0,0
7480,0,1
385,0,1
18947,0,0
528,0,0
10871,0,0
17136,0,1
3189,0,1
6466,0,0
5338,0,1
25287,0,0
13513,0,0
4293,0,0
12595,0,0
17429,0,1
11982,1,1
22145,1,1
16492,0,0
4234,0,0
25802,0,0
18309,0,0
12011,0,0
6769,0,0
8867,0,0
17947,0,1
24595,0,0
5196,0,0
4817,0,0
21610,0,1
761,0,1
24817,0,1
6741,0,0
21029,0,1
20322,0,1
6017,0,0
22840,0,0
12205,1,1
19446,0,1
16166,0,0
4174,0,0
5831,0,0
16119,0,0
9821,0,0
25422,0,1
5847,0,1
2342,1,1
20480,0,0
19992,1,1
1888,1,1
11863,1,1
24791,0,0
18016,0,0
4482,0,1
5058,0,0
24070,0,1
17291,0,0
26172,0,0
25833,0,0
20224,0,1
13454,0,1
4333,0,0
1992,1,1
7184,0,0
23533,0,0
16391,1,1
17698,0,1
20523,0,0
2230,0,0
13162,0,1
20379,0,1
17182,0,0
20516,0,1
21608,0,0
10029,0,1
25642,0,0
10705,0,0
6548,0,1
5904,0,0
18491,0,0
4618,0,0
25848,1,1
14354,0,0
7466,0,0
2458,0,0
19726,0,1
16072,0,0
15535,0,0
5828,0,0
14390,0,1
2157,0,0
11164,0,1
22610,0,1
2740,0,1
25385,0,1
3158,0,0
19470,0,0
5202,0,0
933,0,0
7622,0,1
16763,0,0
3282,0,0
13354,0,0
21771,0,0
19859,0,0
24061,0,1
21496,0,1
3378,0,0
2615,0,0
15457,0,0
16372,0,1
3782,0,0
24687,0,0
13885,0,1
678,0,0
1303,0,0
1779,0,1
2738,0,0
19964,0,0
22903,0,0
11027,0,1
11454,1,1
8954,0,1
18913,1,1
26622,0,0
21968,0,0
14825,0,1
22780,0,0
10802,1,1
12770,0,0
4652,0,0
24886,0,0
3254,0,0
6558,0,0
12642,0,1
17111,0,0
23233,0,1
16178,0,1
9192,1,1
7793,0,0
9830,0,0
6070,1,1
10888,0,0
7209,0,1
3502,0,0
15145,0,0
20762,0,1
24047,0,0
16943,0,0
5183,0,1
12199,0,1
6103,1,1
14534,1,1
2990,0,0
24002,0,0
12793,0,0
14215,0,1
16697,0,1
19799,0,0
23340,0,0
5419,1,1
21475,0,0
4959,0,0
1459,0,1
19375,0,0
6444,0,1
6094,0,1
1508,0,1
6953,0,1
16099,0,0
8835,0,1
18374,0,1
16481,0,0
23833,0,0
13326,0,0
13377,0,1
25219,0,1
1589,0,1
10905,0,1
9942,0,0
3694,0,0
19684,0,0
24492,0,1
4861,0,1
17961,0,1
6865,0,0
3462,0,0
3198,0,0
7054,0,0
13969,1,1
8250,0,1
4190,1,1
25983,0,1
6688,0,0
14330,0,1
19611,0,0
17356,0,0
21456,1,1
12073,0,1
7505,0,0
17828,0,0
3499,0,1
26515,0,0
24457,0,1
14378,0,0
701,0,1
23461,0,0
6392,0,0
16986,0,1
1226,0,1
7034,0,1
9254,0,1
25549,0,1
9277,0,0
2830,0,0
22468,0,0
8530,0,1
24034,0,0
25532,0,1
9226,1,1
3678,1,1
22800,0,0
16205,0,1
8771,0,0
22290,0,0
8720,1,1
22977,0,0
4594,1,1
23932,0,0
5597,1,1
15470,1,1
14969,0,0
1236,1,0
2425,0,0
4119,0,0
1435,0,0
4083,0,0
2037,0,1
10641,1,1
11939,1,0
13729,0,1
10514,0,0
24132,0,0
5336,0,0
1389,0,0
12580,0,0
18691,0,0
7927,1,0
2161,0,0
7067,0,0
8013,0,1
156,0,0
4805,0,1
22409,1,1
5648,0,0
16852,0,0
813,0,0
1667,0,1
24885,0,0
18937,0,1
20378,1,1
10859,0,0
10453,0,1
14019,0,1
13703,0,0
24555,0,1
10308,0,0
1258,0,0
11099,0,0
25138,0,0
15735,0,0
15451,0,0
5864,0,0
20704,1,1
8599,0,0
17761,0,1
25342,0,0
9035,0,1
13552,1,1
10716,0,0
13512,0,0
26105,0,1
941,0,0
12843,0,0
3075,0,1
3914,0,1
21733,0,0
14745,0,0
20400,0,0
17632,0,1
10052,0,0
2603,0,1
20666,1,1
21210,1,0
14687,0,1
18206,0,0
2597,0,0
18807,0,0
16574,0,0
13091,0,1
6042,0,1
81,0,0
15579,1,1
18633,0,0
26656,0,0
4825,1,1
26214,0,0
4588,0,0
4088,0,1
11220,0,1
8898,0,0
20456,0,0
11784,0,1
2016,0,1
15496,0,0
19296,1,1
9894,0,1
20676,0,0
21993,0,0
21707,0,0
25349,0,0
19895,1,0
22936,0,1
24394,0,0
23137,0,0
24576,0,0
25691,0,0
2600,0,0
19413,0,1
10463,0,1
5089,0,0
2242,0,0
3190,0,1
3447,1,1
17084,0,1
7519,0,0
7285,0,1
19819,0,1
10043,0,0
14927,0,0
15602,0,0
22709,1,1
12589,0,1
7298,0,1
13217,0,0
934,0,0
19137,0,1
24474,0,0
9702,0,0
18764,0,0
18439,0,1
22180,0,0
21172,0,0
8216,0,1
20649,0,1
11835,0,0
8934,0,1
26008,0,1
15093,0,0
2333,0,1
15624,0,0
4184,0,1
23368,1,0
18058,1,1
19913,0,0
6614,0,0
2696,0,0
22295,0,1
9912,0,0
21990,0,0
7344,0,0
11869,1,1
14999,0,0
17669,0,1
3684,0,1
1710,0,0
15734,0,0
6171,0,0
22012,0,0
13229,0,0
25245,0,0
2171,0,1
21910,0,0
6565,0,0
14156,0,0
20228,1,1
1390,0,1
781,1,1
16161,0,0
12138,0,0
18059,0,1
12575,0,0
22944,0,0
11648,1,1
11937,0,0
18153,0,0
3555,1,1
3455,0,0
5722,0,0
23974,0,0
9186,0,1
10782,0,1
1428,0,0
3339,0,0
11451,0,1
24120,1,1
16512,0,0
19425,1,1
17591,1,0
3722,0,0
23070,0,0
25227,0,0
15023,0,0
23984,1,1
6577,0,0
18531,1,1
17194,0,0
14617,0,1
20776,0,0
11044,1,1
8750,0,0
4232,0,0
26045,0,0
23944,0,1
15804,0,1
2588,1,1
3129,0,0
2164,0,1
3749,1,1
14207,0,1
9371,0,1
2937,0,0
18286,0,0
9691,0,0
14887,0,1
1254,0,0
12120,1,1
22177,0,1
8524,0,0
12182,0,1
15219,1,1
18102,0,0
13923,0,1
18694,0,0
14471,0,0
71,0,1
24423,0,1
2369,0,0
3303,0,1
6034,0,1
9558,0,1
12855,0,1
19398,0,1
1708,0,1
9495,0,0
2840,0,1
9687,0,1
9925,0,1
14709,0,1
9639,1,1
15818,1,1
23513,1,1
12899,0,1
316,0,0
19051,0,0
20626,0,1
3787,1,1
25399,0,0
25282,0,0
6072,0,1
16293,1,1
6409,0,1
24881,0,0
12178,0,1
26603,0,1
24098,0,1
3971,0,0
8466,0,1
20075,0,0
2052,0,1
18797,0,0
19002,1,1
14053,0,0
24928,0,0
8807,0,0
20718,0,0
3633,0,0
862,0,0
163,0,0
13350,0,0
7423,0,0
9610,0,1
20970,0,1
23686,0,1
1290,0,1
22638,0,0
3757,0,1
19462,0,0
3452,0,1
18673,1,1
16585,0,0
23313,1,0
7131,0,0
13644,0,0
18435,0,1
13982,0,1
10182,0,0
6926,0,0
26304,0,0
15498,0,0
19502,1,1
2442,0,1
22092,0,0
2639,0,0
17146,0,1
3310,0,1
6986,0,0
12894,0,1
15633,1,1
20999,0,1
16399,0,0
20458,0,0
11318,0,0
25986,0,1
15664,0,0
19938,1,1
8104,1,0
13659,0,0
14162,0,0
17297,1,1
11807,0,1
26179,0,0
16117,0,0
18460,0,0
17046,0,0
11961,0,1
1926,0,1
21647,0,0
25273,0,1
6858,0,1
9523,0,1
1186,0,0
2124,0,1
12424,0,0
16214,0,0
5041,0,0
10954,0,0
6961,0,0
13692,0,0
2489,0,0
3363,0,1
9324,0,1
20133,0,0
8316,1,0
9411,0,1
13485,0,0
2806,1,1
21344,0,0
2792,0,1
26140,0,1
21021,0,1
13641,0,1
21836,0,0
21718,0,0
1669,0,0
1654,0,0
10044,0,1
18835,0,1
7333,0,0
12009,0,0
9398,0,1
21317,0,1
6411,0,1
18696,0,0
13393,0,1
15765,0,1
20023,0,0
16898,0,1
16428,0,0
7769,0,0
8492,0,0
6960,0,1
365,0,1
15879,0,0
19742,0,0
17612,0,1
547,0,0
8540,0,0
23470,0,0
17033,0,0
5544,0,0
25785,0,0
15121,0,1
21556,1,1
8922,0,1
18180,0,1
523,0,0
18157,0,1
7038,0,1
22703,0,0
21432,0,0
14938,0,0
23354,0,0
3267,0,0
13700,0,0
19132,0,0
13615,0,0
24431,0,0
21108,0,0
5914,0,0
15528,0,1
6680,0,0
24106,0,0
5858,0,1
4070,0,0
24969,0,0
4006,0,1
4039,1,1
8677,0,0
7007,0,1
7149,0,0
1108,0,1
2270,0,0
1977,0,0
2842,0,0
25195,0,0
13971,0,0
6469,0,0
8138,0,0
5418,0,1
26053,0,1
2019,0,0
6120,0,0
26386,0,1
14554,1,1
17979,0,0
4812,0,0
9218,0,0
13988,0,0
20861,1,1
22371,0,0
3531,0,0
3721,0,1
4272,0,1
201,0,0
2530,0,0
16904,0,1
8483,0,1
21987,0,1
23895,0,1
3673,0,0
15106,0,0
24931,0,0
20571,0,1
14661,1,1
11229,1,1
14142,0,1
24250,0,1
22060,0,1
22571,0,0
24025,0,0
10579,0,0
2367,0,0
23770,0,0
4282,0,0
4630,0,0
23973,0,0
2803,0,0
17370,1,1
2675,0,0
16666,0,1
18621,0,0
6585,0,1
17507,0,1
25058,0,0
23348,1,0
2377,0,1
21819,1,1
15778,0,1
601,0,0
6927,0,0
7933,0,0
10459,1,1
15741,1,1
23198,0,1
25284,0,0
17432,0,0
15468,0,1
4396,1,1
8503,0,1
26375,0,1
4116,1,1
16188,1,1
20391,0,0
23464,0,0
12243,0,1
5484,1,1
17265,0,0
23399,0,0
18015,0,1
7236,0,0
16434,0,0
21582,0,1
23577,0,1
917,1,1
15006,0,0
788,0,0
10198,0,1
16097,0,0
1558,0,0
9525,0,0
6946,0,1
4504,0,0
4648,0,0
10279,0,0
6710,0,1
19409,0,1
19899,0,0
8514,0,0
21589,1,1
22458,0,0
21221,0,0
7711,0,1
11651,0,0
3276,1,0
17600,0,1
7852,1,1
3992,0,0
25049,0,0
23980,0,0
10191,0,0
9714,0,0
1615,0,1
10991,0,1
16542,0,0
12955,0,0
16123,1,0
7943,0,0
19561,0,1
12429,0,0
15548,0,1
21668,0,0
3897,0,0
8319,0,0
19708,0,1
23933,0,1
21996,0,1
24174,0,0
6844,0,0
1097,1,0
6675,0,0
18298,0,0
7561,0,0
4339,0,1
6748,0,1
22540,0,0
5322,0,1
1068,0,0
3058,1,1
12682,0,0
7743,0,0
23892,1,0
14918,0,0
3364,0,0
2833,0,0
8267,1,1
16194,1,0
4813,0,0
1837,0,0
18123,1,1
2846,0,0
5186,0,0
5705,0,1
21255,0,0
19901,0,1
26130,0,0
5558,0,0
24498,0,1
12511,1,0
13027,0,0
19004,0,0
16677,0,1
748,0,0
5056,1,1
3122,0,1
23592,0,1
5543,0,0
7928,0,1
24109,0,0
12085,0,1
1546,0,0
25154,0,0
14233,0,1
23371,0,0
14064,0,0
4397,0,1
227,0,0
22274,0,0
1342,0,0
21003,0,0
5698,0,0
3611,0,1
24352,0,1
12599,0,0
2691,0,0
23598,0,0
21950,1,1
9672,0,1
9618,0,0
20138,0,0
2855,0,0
12739,0,1
12140,0,0
19392,0,1
25332,0,1
14285,0,0
17665,0,0
25827,0,0
17277,0,0
15787,0,0
16714,0,0
16749,0,0
22393,0,0
8873,0,1
404,0,0
26268,1,0
16644,1,1
10391,0,1
1124,1,1
25796,0,0
1238,0,1
23576,0,0
22853,0,1
15231,0,1
10800,0,1
1054,1,1
8844,0,1
19847,0,0
17113,0,0
23351,0,0
22738,0,1
20778,0,0
9698,0,1
15487,0,1
5074,0,1
16262,0,1
9592,1,1
10319,0,0
19317,0,1
12688,0,1
10424,0,1
16082,0,1
9519,0,0
1791,1,1
19490,1,1
1074,0,1
16908,0,1
2,0,0
13328,0,0
25231,0,1
25358,0,0
24977,1,1
16831,1,1
2596,0,0
19958,0,0
19804,0,0
25466,0,1
6825,0,0
7551,0,0
23301,0,0
17902,0,1
8070,1,1
23360,0,0
3262,1,1
4356,0,0
1782,0,0
18161,0,1
19591,0,1
9039,0,0
3411,0,1
6624,0,0
9906,1,1
16088,0,1
2282,0,0
25641,1,1
11411,0,1
5652,0,0
19980,0,0
6663,0,1
17833,0,0
12297,0,0
15206,0,1
5224,0,1
1419,1,1
9646,0,0
8083,0,1
17757,0,1
13030,1,0
16914,0,0
10385,0,1
17727,0,0
25643,1,1
14130,0,0
13670,0,0
8130,0,0
9819,0,1
23687,0,0
510,1,1
10334,0,0
25627,0,0
21984,0,0
3034,0,1
1947,0,1
4884,0,0
12840,0,1
16401,0,0
7555,0,1
17768,0,0
11248,0,1
19437,0,0
24142,0,1
26141,0,1
12607,0,1
25203,0,1
25177,0,1
19690,1,1
26394,1,1
1851,0,1
5661,0,0
16854,0,1
10228,0,1
12033,0,0
26456,0,1
16819,0,0
11181,1,1
10789,0,1
23017,0,1
20615,0,0
9908,0,0
4300,1,1
7102,0,0
1272,0,0
6175,1,1
2432,0,1
23767,0,0
1257,0,0
14047,0,0
8569,0,1
14566,0,1
18931,0,1
8428,0,0
25542,0,0
15479,0,1
20986,0,0
10160,0,1
5672,0,1
899,0,1
10942,0,0
22220,0,0
12592,0,1
25754,0,0
8484,0,0
18787,0,0
23182,0,1
5906,0,0
12532,0,1
17275,0,0
22690,0,1
17816,0,0
3175,1,1
22370,0,1
10447,0,0
2142,0,0
991,0,0
17962,1,1
7548,0,0
4228,1,1
18595,0,1
18265,1,1
16251,0,0
11473,1,0
22545,0,1
19889,0,1
10403,0,0
1543,0,1
16987,0,0
17774,0,0
11673,0,0
21851,0,0
26085,0,0
5553,0,0
20109,0,0
7334,0,0
796,0,1
19542,0,1
14770,0,0
10950,0,0
20823,1,1
22380,0,0
22868,0,0
17579,0,0
3305,0,0
16906,0,1
16848,0,0
23493,0,1
10345,0,0
6641,0,1
5248,1,1
1356,0,1
14089,0,0
23229,0,0
8034,0,0
24516,0,1
5786,0,0
23777,0,1
1125,0,0
20200,0,1
18,1,1
22283,0,0
13097,0,0
19751,0,0
6999,0,0
20160,0,0
19689,0,1
14313,0,0
22785,0,0
4071,0,0
26659,0,1
11372,0,0
22089,0,0
25416,0,0
4992,0,0
14522,0,0
25840,0,1
22919,0,1
23624,0,0
20403,0,0
15269,0,0
3383,0,0
26366,0,1
17023,0,0
16232,0,1
6849,0,0
21277,0,1
24875,0,0
21878,0,0
4907,0,0
17588,0,1
3008,0,1
10409,0,0
24598,0,1
9560,0,0
4688,0,1
25243,0,1
3769,0,1
13295,0,0
22580,0,0
19920,0,0
3079,1,1
19855,0,1
15923,0,0
11357,0,1
15,0,0
15659,0,0
15508,0,0
25523,0,1
5160,1,1
19118,1,1
6340,0,0
18324,0,0
11722,0,0
17702,1,0
5246,0,0
17770,0,1
22114,0,0
8764,1,1
25938,0,1
20333,0,0
10613,0,0
9170,0,1
16272,0,0
7971,0,0
21500,0,0
12709,0,1
756,1,0
24441,0,1
3269,0,1
13127,0,0
23738,0,0
18814,0,1
25189,0,1
24500,0,1
18611,0,1
2847,0,0
26069,0,1
13883,0,1
16336,0,1
1752,0,0
23963,0,1
439,0,0
10664,1,1
9438,0,1
11616,0,0
21634,0,0
10712,0,1
18753,0,1
18268,0,0
24603,1,1
16620,0,0
23042,0,0
22751,1,1
9402,1,1
10030,0,0
11613,0,0
2165,0,0
22497,0,1
8128,0,1
24587,0,0
30,0,1
15314,0,0
11275,0,0
19952,0,0
20612,0,0
5247,0,0
13966,0,0
21076,0,0
11237,0,0
13863,0,1
9298,0,0
850,0,1
1140,0,0
76,0,1
24268,0,1
6218,0,0
14861,0,0
9577,0,1
20817,0,0
165,0,1
22843,0,1
19722,0,0
405,0,0
11681,0,1
1133,1,1
6884,1,1
22307,0,0
4496,0,0
5735,0,0
7604,0,1
26058,0,0
11898,0,1
2321,0,1
6317,0,0
21472,0,0
384,0,1
20118,0,1
19783,0,1
17167,0,0
10096,0,1
23518,0,0
7124,0,1
26012,0,0
454,0,0
15892,0,0
2082,1,1
19141,0,0
4736,0,1
6,0,0
6874,0,0
15112,0,1
10214,0,0
5479,0,1
11443,1,1
1692,0,0
19142,1,0
6992,0,0
2977,0,1
3212,0,0
11272,0,0
12879,0,0
2074,0,0
18838,1,1
17462,1,0
8823,0,0
24266,0,0
332,0,0
5919,1,1
15733,1,0
25499,0,1
9233,0,0
11875,0,0
25852,0,1
23812,1,1
18110,0,0
5402,0,0
26269,0,0
11371,0,1
23597,1,1
9021,0,0
8978,0,0
7599,0,0
2731,0,1
7715,0,1
6280,0,0
13789,0,0
18856,0,1
309,0,1
8659,0,0
13000,0,1
13126,0,0
8107,1,1
10236,0,0
24094,0,1
6542,0,1
21869,0,1
14571,0,0
6384,0,1
14238,0,0
23488,1,1
2153,0,0
16617,0,1
17346,0,0
25602,0,0
2079,0,0
14614,0,0
10227,0,0
19111,0,0
12701,0,0
20049,0,1
18604,0,0
22388,0,1
1044,0,0
1564,0,1
2509,0,0
3708,0,0
7262,0,0
21468,0,0
10848,0,0
2305,0,0
14903,0,1
19428,0,0
1873,0,0
12684,1,1
11170,1,1
22263,0,0
13440,0,1
13271,0,0
19991,1,1
21388,0,0
12540,0,0
21192,0,1
23020,0,0
9783,0,0
4545,1,1
9310,0,1
20182,0,0
16410,0,0
24846,0,0
14198,0,1
5466,0,0
26274,0,1
2502,1,1
10564,0,0
11692,0,0
6018,0,1
4122,0,1
3632,0,0
2341,0,0
24666,0,0
15214,0,0
16636,0,1
12226,0,0
3811,0,0
22428,0,0
16816,0,1
18886,1,1
560,0,0
2667,0,0
20553,0,0
23924,1,1
24767,1,1
7735,0,1
11193,0,1
15171,0,0
19064,0,1
9697,0,0
11156,0,0
1304,0,1
10875,0,0
21811,0,0
18951,0,0
19492,0,0
24620,1,0
16942,0,0
9208,0,1
10762,0,0
2137,0,1
22021,0,0
1623,0,0
7059,0,1
12064,0,0
17426,1,1
3481,0,1
17988,0,0
15646,0,0
24212,0,1
21400,0,0
8703,0,1
15081,0,1
5718,1,1
19910,0,0
22303,0,0
22844,0,0
6021,0,0
4176,0,0
25855,0,0
5972,0,0
9334,0,0
14206,0,0
8987,0,0
22004,1,1
9137,0,0
4946,0,0
2661,0,1
21868,0,1
16700,0,1
13063,0,0
8262,0,0
15486,0,1
12654,0,0
17783,0,0
10366,0,0
21034,0,1
12758,0,0
14391,0,0
17564,0,1
23637,0,1
18963,0,1
1135,0,0
8213,0,1
21982,0,0
16889,0,0
16452,0,0
15254,0,0
5211,0,0
24882,0,0
531,0,1
9797,0,1
13570,1,1
3558,0,1
23394,0,1
1777,0,1
14410,0,1
16594,0,0
24071,0,1
7206,0,0
2056,0,0
4236,0,0
5032,0,0
23496,0,1
18369,0,0
16053,0,0
22016,0,0
12071,0,0
7022,0,0
12673,0,0
12498,0,0
25669,0,0
19599,0,0
9366,1,1
24615,1,1
4906,0,1
25073,0,0
19021,0,1
21062,1,1
1582,0,0
3359,0,0
2108,0,0
22326,0,0
11551,0,1
17720,0,0
10658,0,0
5447,1,1
11996,0,0
17050,0,0
829,0,0
23321,0,0
24609,0,0
16824,0,0
1551,0,1
6333,0,1
26138,0,0
6571,0,0
5111,1,1
20512,0,1
1330,0,1
26208,0,1
1840,0,0
17918,0,0
6969,0,1
18022,1,1
13631,0,0
9902,0,0
26674,0,1
23202,0,0
24572,0,0
15750,0,1
6734,0,0
22705,0,0
15819,0,0
11343,0,0
4216,0,0
2683,0,0
26236,0,0
19620,0,0
6729,0,0
1173,0,1
11079,1,0
21587,0,0
25036,0,1
25867,0,1
18027,0,1
5931,0,1
16311,0,0
1860,0,0
1659,0,0
23040,0,1
25950,0,0
11680,0,0
19673,0,0
26314,0,0
9929,1,0
8447,0,0
3854,0,1
20214,0,0
22335,1,1
18226,0,0
13742,0,1
10909,0,0
14695,0,0
11836,0,0
15281,0,0
13908,1,1
3728,0,0
16471,0,1
5766,0,1
20348,0,1
15053,0,1
24663,0,0
19607,0,0
846,0,1
9950,0,1
6837,0,0
26158,1,0
1141,0,0
11883,0,0
17571,0,0
13494,0,0
2599,0,0
23591,0,1
22055,1,1
6647,0,0
24864,0,0
10565,0,1
4117,1,1
12473,1,1
13648,0,1
21090,0,0
18959,0,1
9111,0,0
8976,1,1
6832,1,1
24689,0,0
17630,0,0
1578,0,0
10200,0,1
5075,0,1
19547,0,0
226,0,0
7758,0,1
3513,1,1
15846,1,1
19252,0,1
21230,0,0
25228,0,0
14381,0,0
10108,0,0
10261,0,0
24052,0,1
3987,0,1
19243,0,1
8100,0,0
15277,0,0
12838,0,0
24255,0,0
24363,0,0
13508,0,0
26094,0,0
15950,0,0
17371,0,1
3066,0,1
21603,0,0
5933,0,1
21617,0,1
23965,0,1
13238,0,1
10791,0,0
25752,0,1
14668,0,0
26055,0,1
7869,0,1
16708,0,1
14832,0,0
11141,0,1
17560,0,0
4207,0,1
21696,1,1
15815,0,1
11194,0,0
23022,0,0
5564,0,0
2444,0,0
24729,1,1
10732,0,0
5055,0,0
6428,0,1
18498,1,1
22742,0,0
9121,0,0
26576,0,0
23407,0,1
15143,0,1
6545,1,1
22591,0,0
24113,0,1
10837,0,1
1447,0,1
8585,1,1
21606,0,0
11425,0,1
19012,0,0
5077,0,0
18299,0,1
3920,1,1
8518,0,1
11868,0,1
3520,1,1
14251,0,0
23170,0,1
18277,1,1
3741,0,1
10322,0,1
9107,0,0
1592,0,0
4952,0,0
7161,0,1
13823,0,1
24163,1,1
3041,0,0
15671,0,0
8625,0,0
14123,0,1
26235,0,0
8588,0,0
26154,0,0
21994,0,0
1749,0,0
6662,0,1
14077,1,1
17769,1,1
22688,0,0
25382,0,0
6464,0,1
4903,0,0
16407,1,1
3167,0,0
7752,1,1
5256,0,1
13387,1,1
5697,0,0
22499,0,0
15739,1,1
3568,0,0
22809,0,1
24424,0,0
3509,0,1
26025,0,0
2155,0,1
23515,1,1
848,0,0
16137,0,0
13019,1,1
26527,0,1
23874,0,1
10097,0,1
3846,0,1
18106,0,1
9759,0,1
17719,0,1
12705,0,0
20149,1,1
9920,0,1
22278,0,0
17743,0,0
13755,0,1
3240,0,1
6778,0,0
12605,0,1
7403,0,1
12816,0,0
9653,0,0
16599,0,0
4245,0,1
1927,0,0
6485,0,1
18039,0,1
20583,0,0
7272,0,0
22455,0,0
19897,0,0
15559,0,0
24659,0,0
25450,0,0
10433,0,1
23148,0,1
26262,0,1
7040,0,0
2669,0,0
20978,0,1
13184,0,1
21445,0,0
19790,0,0
9842,0,0
1081,0,0
3333,0,0
25078,0,0
17812,0,1
19476,0,0
14456,0,0
6062,0,1
158,0,0
19883,0,1
8331,0,0
2091,1,1
22404,0,0
9730,0,1
17173,0,0
18325,0,0
17506,0,1
5162,0,1
15382,0,1
14540,0,0
12927,0,1
5301,0,1
417,0,0
2510,0,0
824,1,1
9074,1,1
24799,0,0
21299,0,0
3460,0,0
22293,0,0
5950,0,0
25666,0,1
7766,0,0
8090,0,1
19069,1,1
3107,0,0
564,0,0
19865,0,1
13774,0,0
5888,0,1
14781,0,1
9798,0,0
1712,0,1
22075,0,0
11706,0,0
2551,0,0
5468,0,0
25455,0,0
20853,0,1
9731,1,1
25298,1,1
4974,1,1
24488,0,0
19504,0,0
18234,0,0
5571,0,0
6696,0,0
3813,0,0
25109,0,1
23879,0,1
3886,0,0
5335,0,0
3153,0,0
11685,0,1
18121,0,0
10733,0,0
2178,0,1
20551,1,1
9256,0,1
3628,0,1
3081,0,1
3448,1,1
8069,0,1
5510,0,1
8468,0,0
1780,0,0
18957,0,0
25971,1,1
25953,0,0
14715,0,1
15064,0,1
8768,0,0
26502,0,1
7595,0,0
7981,0,0
8416,0,0
7187,0,0
21085,0,1
10397,0,0
24187,1,1
19029,1,1
18195,0,0
1775,0,0
14555,0,0
23142,0,1
8191,0,1
13809,0,0
9772,0,1
7512,0,1
14170,1,1
959,0,0
6109,0,1
22587,0,0
5293,1,0
26457,0,0
6541,0,0
6389,0,0
13891,0,1
26572,0,1
19388,1,1
1557,0,1
5346,0,0
18562,0,1
16229,0,1
9704,0,0
18932,0,0
18086,0,1
20384,0,0
18890,0,1
17279,0,0
3446,0,1
12181,0,0
11800,1,1
26156,0,1
2697,0,1
11679,0,0
8721,0,1
8242,0,1
10045,1,1
26117,0,0
912,0,1
25486,0,0
6016,0,1
24900,0,0
18603,0,0
26681,0,0
4107,0,0
21494,0,0
20760,0,0
5177,0,0
14880,0,0
5333,1,1
17320,0,1
8359,0,1
25027,0,0
11646,1,1
21913,0,0
24674,0,1
634,0,0
10394,1,1
16142,0,0
19220,0,1
15878,0,0
17843,0,1
23188,0,0
23156,0,0
14432,0,0
25319,0,1
25730,0,0
8889,0,0
113,0,0
20558,1,1
24685,0,1
20867,0,0
2427,0,1
735,0,1
1495,1,1
21674,0,1
6211,0,1
4818,0,1
15411,0,0
3838,0,1
9706,0,0
19788,0,0
24646,0,0
16482,0,0
11915,0,0
21250,0,1
18300,0,1
13458,0,0
16173,0,1
16964,0,0
18269,0,0
11063,0,0
10158,0,0
23130,0,0
2256,0,1
5129,0,0
24793,0,0
23927,0,0
25126,0,1
19008,0,0
23952,0,0
15059,0,1
26112,0,0
722,0,1
25225,0,0
21318,1,1
18334,0,0
5368,1,1
8,0,0
17689,0,0
23413,0,0
17547,0,0
1906,1,1
25609,0,0
24824,0,1
21973,0,0
4934,0,0
26665,1,0
12942,0,0
6296,0,0
11576,0,1
6149,0,1
12484,0,0
18215,0,0
3665,0,0
1962,0,1
15111,0,0
25605,0,0
4760,0,0
21732,0,0
23968,0,0
12785,0,0
9762,0,0
17018,0,0
6255,0,0
23914,0,0
22118,0,0
7106,0,0
14581,0,0
9609,0,1
20545,0,1
22006,0,1
12397,0,0
16793,0,0
25714,0,0
21033,0,1
10474,0,1
12283,0,0
12875,0,0
11035,0,0
5658,0,1
7602,0,0
24524,1,1
1657,0,0
14139,0,1
22913,1,0
